{
  // Use IntelliSense to learn about possible attributes.
  // Hover to view descriptions of existing attributes.
  // For more information, visit: https://go.microsoft.com/fwlink/?linkid=830387
  "version": "0.2.0",
  "configurations": [
    {
      "name": "Launch Chrome",
      "request": "launch",
      "type": "chrome",
      "url": "http://localhost:5173",
      "webRoot": "${workspaceFolder}"
    },
    {
      "type": "node",
      "name": "dev.debug",
      "request": "launch",
      "skipFiles": ["<node_internals>/**"],
      "cwd": "${workspaceFolder}",
      "program": "${workspaceFolder}/node_modules/vite/bin/vite.js",
      "args": ["--mode", "ssr", "--force"]
    }
  ]
}
